Soil pH,Organic Carbon (%),Total Nitrogen (%),Available Phosphorus (ppm),Exchangeable Potassium (cmol/kg),Cation Exchange Capacity (cmol/kg),Soil Moisture (%),Bulk Density (g/cm³),Electrical Conductivity (dS/m),Soil Respiration CO₂ (mg/kg/day),Soil Texture
6.64901424590337,0.4923146289747928,0.1107336208104485,3.236687748662092,0.5866874267444525,3.463369092367503,12.193013976181335,1.4362612872693483,0.0296957998788501,23.778421354515142,Sandy Loam
6.458520709648645,0.9896773386173204,0.116823535791047,4.172135567646755,0.5351402092378829,10.485506987866549,28.42913437286272,1.6189016531107552,0.4875067473567583,31.92217179430369,Sandy Loam
6.694306561430208,1.0286427417366153,0.1324915372952583,6.559312753854111,0.3512064154203458,6.576012915422479,12.404808889344457,1.6420504247989856,0.2075054837004163,71.07804684575581,Sandy Loam
6.956908956922407,0.7988613653891905,0.1316140615610471,7.29108229567289,0.4528620559567826,9.745931221743206,41.05905651869912,1.4429253706250524,0.2294735439038853,34.85126598853287,Sandy Loam
6.429753987582999,1.1193571441669954,0.0586699189612872,9.909744473912356,0.5468623156304422,14.617333335769205,23.946543207047117,1.4167644426895771,0.2685380634009364,55.83240655416374,Sandy Loam
6.429758912915246,1.402025428407269,0.0718652488025463,5.676108890572718,0.3527731452275928,1.5063915727910238,21.47868898955899,1.5471415556386403,0.4507504385859802,7.966455168844652,Sandy Loam
6.973763844652217,2.143092950605265,0.1154510580162598,11.902048930008885,0.4579482451817538,18.82845639128135,13.13313775855029,1.444777695571903,0.1814513692934767,19.66908958020784,Sandy Loam
6.730230418745872,1.2872889064159194,0.1154135785273662,11.811791314698052,0.6023787410193808,13.233629001037889,25.60247903527193,1.563293181775551,0.28346491613887,62.22371389167348,Sandy Loam
6.3591576842195146,1.3287751953613822,0.1154514305891814,15.935814732314098,0.204325294313652,36.29708027502059,15.394897390097809,1.52029230208513,0.069697293638423,21.7960169051128,Sandy Loam
6.662768013075789,1.1627770421169163,0.2155819447196416,6.77571931694783,0.3689494153020781,5.220824850824139,20.976078517162893,1.3484255885002767,0.6147611969954986,25.302902119925115,Sandy Loam
6.360974692156262,0.2406143923504792,0.117126715320795,8.484675368106556,0.3595458116212929,3.438452894655563,40.48067630615036,1.6547505201330062,0.1700478786725412,70.33422934341343,Sandy Loam
6.360281073928923,1.1867430622753916,0.1340669692054179,6.016940826456393,0.4313094877439591,8.506139429673212,19.2315208022028,1.679587767309552,0.0692788576272403,11.92392848360495,Sandy Loam
6.57258868146981,1.2301151049705132,0.128620052904796,3.271178730067996,0.4452209122626462,5.126032058601462,29.194186610285406,1.4387211309515613,0.0925329897969333,14.555658849112008,Sandy Loam
5.926015926602661,2.4316210562426432,0.1195417375391739,24.36038487934052,0.3438737367053409,17.556213462436148,14.3745885989929,1.4612298440064015,0.0076073849927409,7.134594138375064,Sandy Loam
5.9825246502460905,1.1038195176094387,0.0905419226607896,14.61366691203616,0.3845626653886984,4.961205032634225,19.720092076024308,1.5285865390724904,0.0918690286453385,72.18372960886647,Sandy Loam
6.331313741227708,1.350773671166806,0.122769076614798,11.647371713807534,0.3726775029547177,6.272133829203035,34.16640508508408,1.5334456789987023,0.001062350615278,50.096806736147535,Sandy Loam
6.196150663899673,1.1826441151473783,0.0768152435638728,6.6036243707687605,0.4149210754827131,2.954435039814639,14.98426353769786,1.565854427267283,0.3014397703010972,49.23834173339191,Sandy Loam
6.594274199778583,0.6156609811902339,0.0928954417977997,3.023792416843842,0.4718222732531096,14.47411522638171,34.49958846397543,1.701020453876635,0.2232971957413316,19.22249495318676,Sandy Loam
6.227592777343637,1.7714114072575102,0.0854390935651269,13.076375638212811,0.5410564122371081,3.160909797187227,25.662015483643803,1.4823052772505951,0.0466825874898996,6.590962765679433,Sandy Loam
6.076308889599413,1.575966516343387,0.1024562241815896,5.935735162811352,0.5555330996546415,11.219817889964492,15.50026579284586,1.4201702755461547,0.1429565118713539,4.7566997622589415,Sandy Loam
6.939694630676466,1.5955159735215234,0.1694397570002052,9.03446527088926,0.5153634261335324,29.319788292720016,25.059261912444168,1.3620680771985474,0.1494602677910609,62.52886374715668,Sandy Loam
6.432267109854039,0.7453062726026305,0.0439820442222475,4.158761808225893,0.3626025880514903,0.921324631080536,27.78043559701384,1.426906996005808,0.0347007127277507,37.587187429307086,Sandy Loam
6.520258461406377,1.901397155468049,0.1205878057112354,8.013367006579946,0.4496704079672646,23.485590197297448,24.97447969773757,1.4966873027126202,0.1192366954952896,42.76455935935774,Sandy Loam
6.072575544135963,0.4990744686038595,0.0516185238643104,4.37652825048098,0.6874329403492389,10.100667649114008,7.438202240876349,1.6794557863517787,0.1540691262349018,30.850159334518107,Sandy Loam
6.336685182642445,1.4934285469001352,0.085842044026317,4.518078079066811,0.5514532692687297,2.461460981032236,14.182902593401051,1.4482388700963829,0.1158943271427782,13.057411162249087,Sandy Loam
6.53327677691296,2.295227812904989,0.1326685179090209,7.938197513000706,0.4059495441126475,8.78209575789098,18.019850915587963,1.52237879516389,0.0691953074783817,19.94912787308072,Sandy Loam
6.154701926773309,0.7047318374346558,0.1019284005728638,1.6362619003756345,0.608203818296378,14.155304465444251,19.40453256719963,1.4983577103927248,0.044336531242232,10.326807348640008,Sandy Loam
6.6127094055037015,0.916851135198614,0.0676676566621208,1.7198763144324825,0.4111930810202586,3.6780755934448655,24.965376780405425,1.6188393273448085,0.1116624258714676,9.140235269005965,Sandy Loam
6.319808393024359,1.2498256825438203,0.0785408887222009,3.602297751611686,0.3831598031696732,11.731162019164971,21.42160800746603,1.7526932425873625,0.0796001760071063,47.33290943698714,Sandy Loam
6.412491875062017,0.9482621729419004,0.1203879324680402,5.624060618204235,0.5895731935928564,24.892656097706173,9.31724513031919,1.446913122707968,0.2533228685076779,5.252817006362244,Sandy Loam
6.319488016331181,0.4246682844669336,0.0780890010484859,12.148771651545148,0.3190350709988102,4.955165145807931,23.041582808047707,1.4510560557481778,0.4730364957819196,10.392504396378431,Sandy Loam
7.055683455352681,1.2342814874030137,0.1064937576874592,5.874385265340013,0.2586222419731643,2.915941486085143,24.884685962270584,1.6044160877069071,0.3358341648554781,20.897420208113733,Sandy Loam
6.49595083257862,0.6688481431369475,0.1013671551971144,6.571521496958034,0.5441284578060475,7.1597843296269055,24.47832358344832,1.5681891489626312,0.159123522497408,27.09661141476377,Sandy Loam
6.18268672131323,1.4367962153175908,0.0804519895718254,5.284378173525676,0.4527690931616213,8.392317350716432,28.646245804436973,1.6846707325736034,0.0723816173143803,7.043193077033292,Sandy Loam
6.746763473630956,0.7402878828830983,0.1643183226797597,8.475898118954607,0.4627365478537156,18.227406060179568,26.671377236391237,1.5583928185325964,0.3283329824937137,34.53662273609968,Sandy Loam
6.133746905008693,1.9749672025087697,0.1190175706695403,3.2423182349068984,0.4138577160573022,6.954462961636686,23.673440633827493,1.464070790921294,0.2668715742206267,29.591597376230617,Sandy Loam
6.562659078501427,0.8083733538318814,0.0392457224002717,6.120655736004331,0.4261506632615942,5.391965501772608,19.438674308330825,1.559065483069231,0.4470875390209481,61.81325805499887,Sandy Loam
5.912098962836067,1.038969241897162,0.1055936294430828,8.963699170290312,0.4041890097168623,2.837122244441769,6.712312531872069,1.6108703580582908,0.1816350842029831,27.44385150595642,Sandy Loam
6.101544185330471,1.6067586086848349,0.0801464060569483,7.892123232930414,0.3874007069745599,1.9777940476960385,23.436945753060687,1.5820482181197364,0.5901366923478699,37.06579570517981,Sandy Loam
6.559058370760737,0.5845678417830223,0.1255730000438867,6.731905198570331,0.4118089777631238,1.9638598682575013,21.66150149730489,1.55072740311073,0.1816881175621143,13.721083865280034,Sandy Loam
6.721539973998623,1.3137299673020646,0.0762243778470189,6.794039350185265,0.40865487611823,6.332907121602946,22.172630697562987,1.606667468958915,0.0719688688774604,14.234809950482926,Sandy Loam
6.551410484356992,1.853571377141214,0.096557906755993,9.58316130724709,0.3671416228981264,1.4511871822479223,9.786011393437525,1.6169295590445674,0.0884949571853831,7.820497863791185,Sandy Loam
6.465305515283528,0.3962583827193862,0.1151496183694137,25.11279678751579,0.3954830800668156,7.629699192364187,11.3515476767339,1.6382158991037528,0.2428871745443455,13.839375655868643,Sandy Loam
6.409668891323213,1.292316929266152,0.1259726558251036,3.4373473334086757,0.1997240478337784,28.86368109795962,28.42522282666323,1.5648709887589642,0.0793525682771587,19.712258625066696,Sandy Loam
6.056443402889772,1.3299413971242118,0.0639911077883267,25.573409307140224,0.5184642201555169,18.61853003153355,19.68355876914676,1.4832881919683143,0.5869944633735323,57.78266749539698,Sandy Loam
6.284046737481588,1.5909114358886551,0.0899649629247715,3.303158445317144,0.4890253268983142,6.277945347678688,25.452005578980994,1.5146713686433322,0.2254289486758496,12.061753231914745,Sandy Loam
6.361808368712064,0.581524644560959,0.0857516406651713,0.6140539811159242,0.4415091167504167,42.35271183300324,20.22654700904369,1.6206508966508355,0.1557730398710342,93.79687088168048,Sandy Loam
6.817136667865674,0.5397716934578618,0.0804001230227886,4.303560037812634,0.4737324384759743,8.4173309575187,20.23804911596596,1.4183064329012764,0.1687346824978018,39.39095217831957,Sandy Loam
6.603085486870539,1.4609707828084488,0.1529636272084329,8.591797043341403,0.4773577403138628,9.452342416687951,27.50627044780798,1.5368673308872902,0.1146109350865946,33.89982453565462,Sandy Loam
5.97108795339118,1.348492336616593,0.1121494513288286,21.80638726392082,0.3775998203395701,7.040942606320992,15.871642174261009,1.4606661187672638,0.0131119938740621,25.85803892029724,Sandy Loam
6.597225190818438,1.325246425172938,0.0621734813699486,3.0202566734085945,0.3967419697779595,7.775217478798812,20.76896621552787,1.5028744822934816,0.0885687710992539,22.25999940788897,Sandy Loam
6.384475315875105,1.373224104748488,0.1275358584116432,9.54323238241114,0.5028316609630377,4.794779505061401,16.30179769035966,1.62784518626073,0.5316333357326363,15.68364128724028,Sandy Loam
6.296923399908213,0.8599876392107546,0.163664685910379,1.9089597785997567,0.4707503485159136,6.360302549550697,16.524030180541477,1.5191099068019904,0.1862495235746204,6.749623552387252,Sandy Loam
6.683502886652261,1.3161268485805018,0.1309739578165344,21.30155875320084,0.6543320489682305,23.59867881850951,17.526623012250884,1.5046436548156148,0.3682635666805871,12.44299322056411,Sandy Loam
6.809299856748785,1.3465362366493403,0.0544189010213796,14.800319244042209,0.6119612155437311,20.110946613929748,21.777070173069703,1.3640143859020082,0.3769525287480549,72.0699830031344,Sandy Loam
6.77938403573486,0.842824290986816,0.0854729778140124,4.525503439427243,0.543301214038835,0.517641570061415,16.17001102669218,1.5746253566027222,0.1442975574399747,37.716287269198304,Sandy Loam
6.248234743033208,2.132887255572378,0.1380073344755986,16.386771164313267,0.3738265084272181,1.674022252739976,30.046049004588166,1.5645484181141076,0.2706667985507733,71.65030535788954,Sandy Loam
6.407236287244635,1.4369164604558935,0.0787699160314365,6.092505509244827,0.3935442996730425,3.7305627019163152,12.84314158224397,1.716325472330546,0.016028711451975,15.342866006612358,Sandy Loam
6.599379029421069,0.6043482513986757,0.1133145828443868,15.319282450678696,0.3497953276371265,16.391209608832373,18.50502684670913,1.4692221765047,0.4983735729432564,10.048311668770236,Sandy Loam
6.792663538136708,1.5282768043169148,0.1232390216028801,6.693781693969401,0.4779757349786709,20.438958219181544,16.4821515338066,1.521915032766394,0.4668496101843378,25.66584897740957,Sandy Loam
6.356247728646413,0.7126591648863392,0.0721920858526575,6.912228210711177,0.1759045155540298,14.113845081586051,31.575823074829863,1.5249383683710755,0.2369776852179472,12.857386344322778,Sandy Loam
6.444302307000855,1.593542301871226,0.098214239318146,4.602155517209711,0.4041380723057001,2.4502284839789885,21.5724382120926,1.6577453279763474,0.1925970110058272,29.80602265346753,Sandy Loam
6.168099507798192,1.779297789503702,0.0027619797979278,10.42803416590625,0.4193283600678182,4.888488158230826,28.25475631574908,1.4904704467613048,0.1461994471725072,5.353410366094879,Sandy Loam
6.141138012775799,0.7896588408241447,0.0692683707599713,7.307365122265239,0.2975709466830007,11.892016310043026,8.115517015704224,1.527902152577034,0.4036342784340218,2.855980282496771,Sandy Loam
6.743757746718259,1.6816880646221608,0.0924229554582052,9.691703779284929,0.5297736314578635,6.447818128206589,22.13640212695407,1.560789650971654,0.2980838691942305,32.96568833129828,Sandy Loam
6.906872008571247,1.4063904634682491,0.0625665045410545,1.46821495397189,0.3360858271410117,5.674012352367006,27.11704636498749,1.5186609123156358,0.1019375223263914,73.39024593844866,Sandy Loam
6.4783969635259,1.611030079997245,0.148972339117949,15.680522962378063,0.4767742665703261,5.750694751138903,20.658271914203397,1.4553566385449472,0.0369342932662464,34.023812394053714,Sandy Loam
6.801059869367608,2.1483964913269737,0.057095758661181,18.313164637246494,0.7283777423489051,19.020037886524964,28.52384300052281,1.5194089992898308,0.0275514223228657,37.44549663204627,Sandy Loam
6.60849080751429,1.0773059419985649,0.0867986653990905,7.282026355324673,0.2888994390044779,12.852816021908843,15.861692399197022,1.6073631749859771,0.4001901593699103,26.500911118828487,Sandy Loam
6.306464073618463,0.8231319178212552,0.1039222173185827,23.97482656761957,0.435144859499295,6.041329203055513,31.27477952148464,1.397348470058894,0.1430714163288785,28.425164159186977,Sandy Loam
6.608418681652524,0.7552427851872383,0.1432381986719834,20.460166625644582,0.4092539862364734,10.478917141154025,38.391184988954,1.5132969674146877,0.2335376283115604,6.400606767691644,Sandy Loam
6.961410969939791,0.7920948575172808,0.0569241354646168,10.585567366131984,0.3898031321103615,2.085716695811582,17.097291516482727,1.4299879185060826,0.1618208825413342,13.29030579608868,Sandy Loam
6.489252188267015,1.1614491452929478,0.1348949125646488,16.525978528145036,0.5260251094635361,4.897460035115243,16.435979828793826,1.6195046628924843,0.0281218754703549,57.38922266395685,Sandy Loam
6.969393096744202,1.370575987408322,0.1003069918305876,13.762096993025992,0.5606329104828442,17.690744792671715,31.62707581694161,1.3476813095216225,0.0167072102061832,19.359716638013197,Sandy Loam
5.714076468773077,1.3383453996650094,0.0705547404685614,1.0845188036147722,0.5271638149301336,1.335650817839446,32.6365771658457,1.4441078152728413,0.0945109328743947,56.61779467176053,Sandy Loam
6.746570751312567,1.613591624518012,0.1138631042278981,5.369985275783786,0.3776660917548766,12.97588714300679,15.817119782773856,1.537721187506452,0.1035446422439294,27.845979458532373,Sandy Loam
6.526114120471451,1.2065009459389535,0.1059717908672041,11.100923094238947,0.6933848078402416,0.5081648081991943,16.63850546323314,1.656552402923434,0.1034737094175188,28.906477640972312,Sandy Loam
6.41029779486024,1.9267670385786584,0.0819934936852361,19.10902919351418,0.2729756811658108,26.44892981774384,17.74572312911594,1.4934249738927012,0.1067423484117402,19.479039650889547,Sandy Loam
6.527528232960651,1.067671583381022,0.1020940625497005,1.77777567325741,0.3467370930965705,4.787423762500237,9.244395911725784,1.4444800473306805,0.7269161368156211,41.372347843003645,Sandy Loam
5.903729325619732,2.5600845832948096,0.0884405920941472,1.171956287926312,0.4669729284390373,11.096152567964822,12.650784428126414,1.688115706944059,0.3636924367620301,48.47967701385949,Sandy Loam
6.434098433648747,1.512833673882503,0.1034055203575374,6.383913977027588,0.4589393919145649,8.817775110677271,11.966873865983455,1.3551986099583757,0.1887450304247528,12.659321455731153,Sandy Loam
6.607133771453524,0.7714212217918587,0.1198639202356314,0.675451381583616,0.4988044079378749,9.0871558352139,13.857619479166972,1.2801194043379918,0.1395141087661204,7.066458585826109,Sandy Loam
6.943368213422454,0.6645537509694438,0.1475805044843605,6.216961376920073,0.6080134095075203,10.32760924558157,19.72252090090575,1.5440014450053332,0.144485652761294,3.636086355304484,Sandy Loam
6.344518934517906,1.4412362076215923,0.0628655350351945,8.744618067883744,0.4380149080634401,1.0383823110288886,21.873717860292167,1.449794577564739,0.2889188244648081,36.183897753786354,Sandy Loam
6.257451919132044,1.0882686073370744,0.163991001239688,2.895703182091965,0.4613729460212981,9.243140497402752,32.40400394251262,1.3978767182869287,0.1382153497325843,33.30500772335148,Sandy Loam
6.349472886924639,1.557000247046046,0.0414373660143249,6.348203167876668,0.3905483947275751,6.791827247962654,12.013167674089672,1.5708356447299354,0.3337064182620184,111.01956357586286,Sandy Loam
6.774620635310622,1.4366188122867725,0.0954464471489325,12.915390704865548,0.5088328518460642,4.812852744454069,27.87457918781267,1.5243800713771198,0.2082070813530612,26.61833472684061,Sandy Loam
6.598625332897905,1.1635855436715636,0.1176495161945373,4.286216308004342,0.4181521489349661,3.728529792206538,18.288089246195927,1.4435921369263272,0.7319219133305076,23.13348976239271,Sandy Loam
6.341071938869888,0.7766031409657974,0.1084297560320509,3.3532871908029023,0.4180942978933657,9.4350120873156,19.604290322780532,1.3719695601329105,0.1300207082089459,30.543750303430187,Sandy Loam
6.653980229934007,0.4425763876570676,0.0813190144053822,6.129097562162856,0.5043483152963778,2.955829437464309,25.39855593733283,1.5872457328280145,0.3851915754744781,31.761425363367596,Sandy Loam
6.529123264804412,0.9767425239664894,0.0937563324892817,2.622346814957836,0.5534920927080599,17.458300714365933,11.018223827501613,1.565020117795866,0.0418367790172266,21.762668745556056,Sandy Loam
6.7905934971598665,1.628199397161736,0.085209971960235,22.82963999812865,0.2291893448326122,11.741262019154632,23.059277969472404,1.4900824136220616,0.0745407037095992,13.03506146724206,Sandy Loam
6.289384071836794,1.3070468720651018,0.0823190572916736,6.850429922258463,0.4860778424673428,9.90815838394493,21.33161766570445,1.6846636996047666,0.6592365294511365,25.549706285172856,Sandy Loam
6.40170135602067,0.577130610644006,0.1254880629106307,3.666806029133608,0.4229796681322462,16.922274691146683,23.939610112065196,1.3929915233673849,0.3220202568917653,24.823826843492935,Sandy Loam
6.382367554060353,1.2865904629255909,0.1107104645789514,7.8338283662466415,0.5447616937661409,0.823106819364847,22.313349151262543,1.347447482907526,0.2373139171468771,24.518480025484216,Sandy Loam
6.060945515560364,1.3926586898644184,0.0792127121421803,6.10326792322005,0.4249877398925489,2.006268090607014,39.64240111928716,1.4308091930118756,0.1415221140106021,44.41502217940947,Sandy Loam
6.588836083119372,0.7580712818994335,0.1269879962629975,5.589449840778229,0.5801052433162299,12.14908482254236,14.898080125989472,1.49544139836445,0.384444714221177,25.201013982381856,Sandy Loam
6.578316581653967,1.276862552972764,0.1092189856262982,4.28527957879046,0.3823586979515961,3.951743058226315,15.75202435998546,1.5243339449322693,0.4077986726225279,7.229473931669238,Sandy Loam
6.501534036992738,1.229104359223,0.1243858635651688,4.11333363966096,0.2269670092374111,4.467179030162126,15.014875788601884,1.4758763942143671,0.5526316380292408,14.95692965173792,Sandy Loam
6.429623859987456,0.6285148510846884,0.1188888652577083,1.5041407549686203,0.5551593040671666,1.676100219898267,15.556183046717962,1.5352055396514297,0.0353845714035375,21.55129489769141,Sandy Loam
6.816994977469132,2.3691480395248163,0.1866310108657606,14.521376474766072,0.7076007138598598,30.238603701901592,34.80965399143292,1.2916966396507228,0.5736878093707106,19.895530515656432,Clay Loam
6.958907826307019,2.636253668654901,0.1674629311040584,5.552210783238902,0.6021311648671942,19.70058134770715,18.46814350712178,1.2799250836447136,0.0847938706553943,27.93963775776505,Clay Loam
6.778850366582272,1.9175236352285572,0.143205477034505,32.72312876923327,0.7901190685753008,32.19727618502711,28.324379474807397,1.176785767018517,0.21657379225817,45.992867788625205,Clay Loam
6.94595049314786,1.6803951663304968,0.1212168228982956,23.308524163887657,0.593933918618538,19.297157661288587,18.763485943442863,1.3447861747751797,0.2540109080915779,79.02941958953905,Clay Loam
6.819342324443036,1.5775954029894832,0.1388337967178684,14.17453354577586,0.5291593233089537,21.762372493854222,18.66801891936426,1.3371094051313923,0.4669052514398756,138.59148500935763,Clay Loam
6.207360030093838,1.116821705311999,0.1826624585911255,20.99114687013501,0.4486285607387172,28.6705700404412,39.88097457558823,1.3047961445981546,0.2301682916834669,53.36396253459861,Clay Loam
6.518199381854373,3.128103564970161,0.2065375891780382,9.439304598088563,0.4196860323744055,11.632304863282084,27.43926415244488,1.3331843863258517,0.7875285825666667,66.47050650967716,Clay Loam
6.756773733283516,1.5483958171391583,0.1962973058481656,22.783874751875548,0.4415864056994509,24.720398113285803,26.82670272142466,1.257622358855197,0.3699150603199811,18.411976788344067,Clay Loam
6.437091577147667,1.9893731882071144,0.1353345173464117,11.337866851296496,0.6267126651011483,31.339104308026275,33.86019239062873,1.1382637049891433,0.1955472875640506,65.50994707567733,Clay Loam
6.979978618998861,1.96159335005554,0.1164114770013296,10.894186287533255,0.6508725023229933,29.399540389607417,27.035275815420384,1.2283360129947756,0.4548863137333271,119.15495501452143,Clay Loam
7.259225249703109,2.2537033489045504,0.1542265874073361,7.75129610730166,0.4418809297967866,14.93135209524972,46.83044873701928,1.3157054581409442,0.7793845701325678,27.87595536732548,Clay Loam
7.165628555509195,2.5078686062696485,0.0969468190331144,17.043967491963937,0.6895038314076115,16.450434049666324,27.815841914191843,1.3162744414846397,0.5211919831518083,32.178916011619265,Clay Loam
6.735967138720937,2.5302367441798728,0.1596950314255434,13.846521093682838,0.551693894831656,6.703643503824994,32.92100329586408,1.3041379052585849,0.1062130251291649,71.23092698938254,Clay Loam
7.247217841054986,1.808461280715531,0.1455719224110399,26.99308182054197,0.614679301198555,32.95217970333367,37.76753065101489,1.3548708267985032,0.2691869359419376,45.6628386230068,Clay Loam
6.844600237160633,2.0164391431067945,0.1360189049439527,7.220457724743652,0.7612220628255424,56.98128441522672,42.81802580485528,1.2418853954549984,0.4105150405742935,11.28207908779935,Clay Loam
6.698874208664588,2.24128997524415,0.1021589079819961,17.084330349807285,0.6896839315865532,13.802008028831809,24.06395091473888,1.3026681057110536,0.5082356498051569,33.365681820683776,Clay Loam
6.615979200937718,1.9756544369082265,0.1654080031970914,24.45985448497548,0.5731469352094167,38.50903691290241,26.65629196929084,1.3572092778404925,0.309680070425793,93.892046595684,Clay Loam
6.709259094053562,2.903672788009996,0.1340189748101426,43.146013009588,0.5108807774584713,54.528072190509405,40.19673500234812,1.2915110181497649,0.2815472794092927,38.13446889133789,Clay Loam
6.683546954437631,2.3454874758191258,0.1149024949286913,15.154853149801106,0.3848184598670695,17.955432667921446,36.48049843242153,1.17566760715939,0.9435157310699204,38.11592334306903,Clay Loam
6.851124866712646,2.4674388930249087,0.0638321336015505,11.218235660563222,0.5280846680757579,21.77770377006216,38.601407485347664,1.2038511630344462,0.525829193118711,68.8162686596643,Clay Loam
6.84817219431496,2.4314406343337063,0.1491745528484809,14.950437043385357,0.5788869761172305,26.11138797108717,19.05036365152265,1.3830852324279368,0.4557569119903202,54.425578675832426,Clay Loam
6.800913806046024,2.6867369287426626,0.2031675479000923,25.90666083091349,0.5012820472848816,28.9432359068296,42.38399803139215,1.4392472162942571,0.2370291240126055,36.92951748743709,Clay Loam
6.931081450923905,2.190510779351853,0.199837776436436,25.901197400555382,0.5868743032907695,26.81188264677977,23.90873965372156,1.417528310782405,0.153597127684599,30.89418413871592,Clay Loam
7.157193882435903,1.451584026022077,0.1362871123024118,12.81215944755496,0.6076851882958768,18.69912977034612,31.53834382513517,1.3232155949742035,0.4606692082844614,173.33234754095284,Clay Loam
7.084866240632397,2.2998439758763207,0.1319336381891465,25.674037658917527,0.5775144018191921,31.101776331471576,28.81421697926584,1.1796867397983308,0.5605327571394135,85.70236018638205,Clay Loam
6.354530609465029,1.7743215531040857,0.1640632276822507,13.498283586046748,0.534999741917654,18.925554255376703,22.97213730761544,1.2993648443227133,0.3487193561402636,58.71610974880428,Clay Loam
6.033823659529413,1.8356916591251216,0.1200484368243512,20.87175032118045,0.6168654671966728,27.720422537793315,18.699713892631976,1.4562255131950423,0.5266764457300647,60.76842290014554,Clay Loam
7.080295973371782,2.3931820093775467,0.1590537569945839,18.12070104176982,0.6441940649569409,22.65794955505619,16.049215066936817,1.3618488380456475,0.5347801337830055,41.818663251640174,Clay Loam
6.389936390475373,2.719141535716818,0.1729824083515407,10.969941648204008,0.4909600922557153,7.826243573641186,30.9521472484318,1.2792522477316128,0.5828289348198824,54.06739085106864,Clay Loam
6.732570379432195,2.110635788368031,0.1868079967165292,7.918202451654834,0.741093237974627,41.237197558526006,17.797447278132353,1.3628625232841216,0.1046896711333325,39.28977743877274,Clay Loam
6.448966092182192,2.254416506299482,0.1469953777056014,24.785783287978592,0.5901411867715738,16.688200752324246,20.92947523930493,1.1730604793384396,0.2744023056729202,26.306316457093885,Clay Loam
6.2594058687259935,2.951107472317619,0.143889787494691,28.282875081049056,0.6018849622944847,43.21884824526319,28.25571297441424,1.23043286221518,0.477706675460706,55.23858506877498,Clay Loam
6.962438818461436,2.2203765897442844,0.1236605223973031,16.874327193432602,0.6708214423256557,37.77004883257429,8.889531997920802,1.1915808608977676,0.3615289039282853,37.33587853228846,Clay Loam
7.027746548090794,3.4008415570901978,0.1251935893788042,13.488551263892214,0.6233216131263501,25.723397404200742,36.23183769635201,1.3469571818348434,0.5357809904671428,56.82055170576548,Clay Loam
6.627046879781984,2.382754822815772,0.1432056332429541,6.6713586814928485,0.6953136633913245,29.68100228117021,10.720894663145536,1.3714103499720094,0.4555892625555596,62.67946145916133,Clay Loam
6.022687312356527,1.2196186204220911,0.1610209652044853,24.463051718978356,0.6287124165201824,31.442660179913517,29.381020869337817,1.284617397280163,0.0521370552491586,58.4610383005514,Clay Loam
6.636126665524255,2.4766708105522666,0.1774075387869974,15.87003447295751,0.5387562625359562,20.758811125025723,30.120153812754317,1.2127070323260434,0.6663797781687737,24.96782469892591,Clay Loam
6.917541201620764,2.290579192441389,0.1259046314795896,11.840388040827136,0.6361503525206101,21.26831559437288,34.304493761454474,1.2980250906465374,0.2513495172737464,35.00414781334089,Clay Loam
6.356326529367761,2.744876377041373,0.1947806570687856,21.17399605201464,0.4856273792679338,30.70106668135993,29.66655358088085,1.2513420109326192,0.1871965533676586,37.76048747368666,Clay Loam
6.855007975933747,2.4365906756349798,0.1418662919687229,5.93501857211514,0.6108559705776523,22.780921166611307,46.14326371066591,1.2203829295306257,0.6533660959587131,75.41159139489675,Clay Loam
6.795407045248101,2.030772008008113,0.1493589811695469,7.524514858829428,0.5966770009355539,18.731178444421317,31.730535052548007,1.3338993685309246,0.5112629341088387,73.32844687788035,Clay Loam
6.973787449880327,1.487850881855317,0.1275836496255653,9.243129430753772,0.579188314272746,15.06302291831944,38.42889919394928,1.2242007777481327,0.7076058731905651,28.9674961172308,Clay Loam
6.835874110524246,1.9954883713569875,0.0772727921918117,17.829355589581574,0.5871462488561069,28.120819875216736,24.2122975290377,1.1433650267035909,0.4133374588396505,19.582916739101844,Clay Loam
6.508079317735533,1.67473977289535,0.1765213618908314,15.037902535870266,0.4118150954502361,16.39534935237307,30.96605444951574,1.1655885529636814,0.2720231125780429,142.07649063843232,Clay Loam
7.158971450499347,1.8097382750976387,0.172105316912773,18.91725770700181,0.5451275092259038,34.691071794454494,42.38056076023141,1.139673953318405,0.3838931600446413,57.21192940703913,Clay Loam
6.752441128091909,2.394289202210305,0.1415601732864536,23.62288061216013,0.6092844901141115,36.11185510273884,28.098439002482877,1.3247511916576205,0.163154703279213,17.859001254209502,Clay Loam
6.79180863814702,2.9349522521757034,0.1520097215167461,19.26699384232944,0.61598563919974,29.56923315933745,31.53787811356185,1.3150405438176165,0.122548644975548,31.863807542465924,Clay Loam
6.520019612278041,2.2973357649114905,0.1654781765311229,33.07617727597057,0.4972324859074041,32.61274447602934,37.8468275930998,1.3100520094508163,0.2247100382727774,77.09420496199311,Clay Loam
6.667015324642547,1.502058468982408,0.1031236242934037,23.59500006276977,0.72657078408647,29.6122117895624,24.062163838466923,1.3587731652479942,0.8321587130926686,123.98899411838607,Clay Loam
6.534559185791929,2.3223013341100707,0.1341284196796111,12.795787883440068,0.5133825151785498,33.74219548381416,12.707517333446454,1.4191958856117115,0.2410271858086602,113.21235431047238,Clay Loam
6.748116182022973,2.698315743322825,0.1738279403886548,10.078421406279888,0.6969457200526736,33.04753744651454,32.04458922969895,1.2407733469174884,0.0864472772239255,55.900439460000136,Clay Loam
7.313512544042703,1.795108547840309,0.1123713173049225,13.00816044566404,0.6427194361871684,27.38054032243236,37.90935335486402,1.340647747723842,0.3154806716265931,45.0877552164737,Clay Loam
6.388429657120593,2.032991416663541,0.1588067379649988,19.61184963130841,0.5353772690156197,38.00096392349773,19.18843388086423,1.1420384492594122,0.2388030812835616,23.4638272613048,Clay Loam
6.315931580636978,2.1073440973645985,0.1093025458612978,10.693060111393248,0.7775310892609512,21.137086431332648,35.36175917821871,1.4378709746263352,0.6735313933759727,47.26313100148659,Clay Loam
7.241351098248082,1.70755084345888,0.1639928994730057,19.889312665634638,0.480636316824352,15.31222168233242,35.4157310987163,1.1755168761781842,0.7978537188516279,25.51622697509229,Clay Loam
6.73720289685444,2.4241402169219297,0.1489307555310755,18.74008318309546,0.6919154173610002,14.890556144521607,11.812029927077567,1.2289918880959565,0.2635538294240335,35.20816000966533,Clay Loam
6.599278178402025,2.0395259256961094,0.1015460455228347,7.851443768823293,0.7000582318042978,19.56863673489181,22.50969094074582,1.2402290486266907,0.4130891836845568,71.19082057765284,Clay Loam
7.111971406218823,2.309766221953514,0.1849421806337151,23.37121002138833,0.5329379790923355,7.155937578931753,26.833369754146705,1.1473729003277788,0.4348289832289545,39.17547031936497,Clay Loam
6.618315338078941,1.65625391109895,0.1279622526960585,16.5661133163901,0.7392465300064328,25.59772350833138,28.563007998118103,1.3032575577408565,0.338970279532834,37.65457048285176,Clay Loam
7.347802914064081,1.8812708498382948,0.1256924268895685,32.260662153109514,0.5749953485401047,31.646112084848557,24.05492588185613,1.3213903868201482,0.2998183061632128,43.70820771748101,Clay Loam
7.00337776140178,2.4611906789138858,0.1560170759169283,13.523586342461453,0.6288693629279857,35.86557365048788,23.623977571342543,1.281058632901845,0.1780705940434594,153.2068283402761,Clay Loam
6.653626577556289,1.9135834239541163,0.1844591204828614,11.545372791502404,0.626032183877122,8.812424352632977,43.37186312945674,1.1459752367968925,0.0745198641115131,21.8515984907356,Clay Loam
7.44719246397965,2.9634819256167027,0.119525345430648,7.262631888127852,0.5865691258529452,15.153148804709511,29.139526945128733,1.4983386234851712,0.1773010235325696,52.69202085020063,Clay Loam
6.618285523098998,1.9001819071926989,0.1518503954954391,7.1943509157683,0.6810808273159782,34.184955332470324,24.439650718802085,1.3549230796501648,0.3312279414569528,107.89857979721675,Clay Loam
7.022628611602792,2.212342362875943,0.1628644950099171,21.965844067564444,0.6793488720552213,20.797369079586986,29.6706441846996,1.563422204364996,0.1118385104419305,43.63394589033723,Clay Loam
6.889787774121947,2.566295415936545,0.1707931682178943,30.617201231420555,0.4251468026761819,31.301102958081152,34.29672666448915,1.2194890760113708,0.3996712826818788,84.86241600017001,Clay Loam
7.190522386819639,1.3908171335334842,0.1552932466583167,12.908856275454117,0.7304340242878152,11.297517428015835,30.413011013689665,1.3957882228176977,0.3661304282804979,18.69056464331081,Clay Loam
7.268453359018055,1.219595594009612,0.1389891648275003,12.456066404808404,0.4337508011964325,42.972824374198034,28.35417927337621,1.3779273887394163,0.2390886038154093,39.92973159771599,Clay Loam
6.80960124471973,1.3371718427149526,0.1251722933805384,14.19118134139098,0.7032546204341658,10.796391661341216,24.79986665063637,1.270942489690264,0.2913729087015906,27.25044907212532,Clay Loam
6.573974638896145,2.731292051713591,0.1525843164913912,24.182896106221225,0.7126705136827584,2.6389622869599387,24.70295323625921,1.4411050901059224,0.1286914075805897,43.36967777367393,Clay Loam
6.937991642881735,1.8240709270537767,0.1178358296404318,7.892830198354073,0.4909033569784801,25.22804976525279,25.217532908117125,1.2594589992386225,0.5766159334151479,43.896559938250704,Clay Loam
6.596685389074368,3.3790996428341264,0.0623594854951617,15.50593850171826,0.5589185712045415,25.55190062793298,32.7105168064859,1.263910858057539,0.5707753718161104,46.524370714831626,Clay Loam
7.404016174257987,1.8178762006713056,0.16309679412473,22.219321987953684,0.4894295331514064,17.694507310993487,22.046559260785703,0.9528570108061618,0.1473189105185334,70.83794753650204,Clay Loam
6.840960599324821,2.1922756515985187,0.1771180452325858,17.716480413628204,0.5785078969711265,29.062038897859,33.146153787761776,1.3409028053742638,0.1506534320767541,8.22824877826813,Clay Loam
6.690403534606367,2.871054976283938,0.0791120269337448,1.8398551300312225,0.5691965715814259,29.463588418780823,41.30395804501464,1.1674490088317593,0.1790552029328586,31.00626110732268,Clay Loam
6.855404091759472,3.103046444079561,0.1197080788587018,19.316319653976155,0.6779660532269339,27.92468307820712,32.6056588625056,1.2449278804304489,0.4921753784992,50.71554061529628,Clay Loam
6.39586211314109,3.1307517883181992,0.1685746278301559,17.805485346642293,0.7310308746119608,17.52415471822445,27.043315768662904,1.197378036125497,0.4339825357013874,11.733403991652072,Clay Loam
6.508515788446805,2.7041831152965714,0.2117248640913509,26.54673590347191,0.7395683810789956,15.76616587951786,19.61498491956296,1.2633768460681738,0.6489924100606653,63.097124096311866,Clay Loam
7.160124172383328,2.6120312629057314,0.1506238112302622,29.389179291907308,0.5437831973421697,18.519262627611862,42.62485446329211,1.3443880230217435,0.6922026596054424,30.65000443617225,Clay Loam
6.602931716308581,2.3962634746005915,0.1281599117631259,25.87628757589724,0.5790778126255473,14.628365981619169,20.639858795208703,1.3011141563048758,0.1033393306791977,40.374123338589605,Clay Loam
6.485926705195418,2.489180538083319,0.1445131067668548,14.23202106504429,0.4316561807779049,38.84244923509272,36.78849627580598,1.3709641290505807,0.4815480877119044,72.56164990115803,Clay Loam
6.960995825758186,1.8244071418357333,0.1912462925744455,4.914452985874548,0.519412993350381,19.35913781803425,35.108142884755885,1.426562953558563,0.6759997313046188,86.91337139162317,Clay Loam
7.155711246398899,1.6909005582888466,0.1306210746262639,36.82198541722392,0.6964851633097457,24.87167026903247,28.105851176287523,1.2631204063322166,0.2788980636079112,64.1381486213499,Clay Loam
7.01568599319952,2.098312771294524,0.1260242398004923,12.407032974925244,0.7615582823548231,34.11803953226401,27.896169569754576,1.2521432757983886,0.3446312119675191,21.44138549238589,Clay Loam
7.098814305741745,2.014907688737536,0.135517694334539,13.99159122391524,0.4765651128120077,14.243352564157163,15.314309807671837,1.395772765366201,0.3115511142521593,62.41877343019112,Clay Loam
6.572961473429162,1.8733859753363624,0.1214001417522386,30.420621185614728,0.5407535740847106,10.535633414065064,32.64052000650097,1.403704728873993,0.3207318310595149,64.69314501088861,Clay Loam
6.373456799977447,2.448193723728358,0.1536801094798438,8.879280893132528,0.5973594243041073,14.655855167740182,34.95941065916644,1.3740590868103046,0.5754388800011269,57.95669031485144,Clay Loam
7.250400095586646,2.5776526042852552,0.1987403537540868,6.0457591261292825,0.6280161158819606,26.22432856891324,21.28735907081757,1.204782119326065,0.9234101837274006,94.41014020991798,Clay Loam
6.703196048347359,2.144203443145924,0.1596923781934808,10.731931149597935,0.5190396480078354,25.3499441102604,28.75342820536718,1.3422655065501603,0.771540113988314,47.21320313195313,Clay Loam
6.724750095063485,2.838765040527631,0.1424293949362113,9.159774722182256,0.642406104446409,27.89860585847059,30.3028953200716,1.3109470604047289,0.2469403997263395,92.49179073264516,Clay Loam
7.198458242554717,1.5291554429332477,0.1412456619325336,5.682843685869093,0.5526160652929084,21.808603592364356,34.67658102359655,1.4052528941349665,0.4139103111115008,92.1943672384878,Clay Loam
6.966869002820197,2.003170270360141,0.1031042757391002,13.061372453936922,0.5985547729121721,4.599637683733572,30.0304246089855,1.2427127910462252,0.1993801094352706,65.67643543805086,Clay Loam
6.936766331624482,1.7415888396985977,0.1764932933144147,14.285307382879664,0.65462842480037,21.458363991690263,16.989445168307327,1.1333389708850083,0.214421926632878,53.15341101679999,Clay Loam
7.449500703470325,1.16673169146347,0.1476648840896159,5.474409830756224,0.6006422269810937,36.30695883014073,25.760497844300087,1.369023680038027,0.3348320635520715,58.13846825297459,Clay Loam
6.606944530885957,2.0586596570786506,0.1445856025922812,11.505581160775904,0.5563614109473431,40.79167036206603,31.79700628311216,1.0441631616742897,0.2102807532025573,105.19119047940636,Clay Loam
7.078352038424371,2.039126245808358,0.2457932270353458,8.82566852265192,0.5890390196074169,24.057290307135556,36.73222673631808,1.2268486596103672,0.2332063829373401,78.9751666073512,Clay Loam
6.817103937469125,2.856724871621066,0.1589625872509706,3.9621153780752967,0.5911637040794664,25.3966736386906,25.058907124846023,1.1976804488681707,0.4077700920923333,23.15169494465508,Clay Loam
6.880577683658977,2.415405842277389,0.1274462684971444,14.53489726382472,0.5629988970117872,31.018522044428657,47.50119899640016,1.1970065329094253,0.4774302647666161,56.15038821774296,Clay Loam
7.258540527923759,1.5879065878353975,0.1372092721138336,15.30435706430264,0.5741203937332897,40.23915573862999,14.844215449304285,1.2250968529044906,0.4696710610167665,26.374900619880464,Clay Loam
6.952350726886887,3.027046283167094,0.1844533712759026,8.82670195331139,0.7598647170504716,23.006202669757997,25.490398599536796,1.421737356975163,0.4725332184120333,30.095395320436328,Clay Loam
6.188847570422992,1.8206609674583905,0.1123339951978391,9.178109456678584,0.5973471899035229,17.878879158453657,17.6589972227819,1.5279518669760157,0.5600769403813036,31.368023596012247,Silty Clay
5.878329894246408,1.1244929581902463,0.104882127068509,17.883137658988144,0.5232358909101207,27.06130697374401,23.74265149498248,1.1783181160645937,0.4663488365313647,40.08805710289545,Silty Clay
6.304685500184881,1.89316165890578,0.1117637421797254,14.09702095290819,0.6346770775216495,4.587372955438901,23.14116453430231,1.4502744807490813,0.0292728114161739,11.85106435210725,Silty Clay
6.570683152135994,1.597764389506939,0.1138263189055306,4.194190377367391,0.3372772579648505,28.7766851120638,27.38223163821564,1.150672917966992,0.2591994938825133,9.64706252357752,Silty Clay
6.027673145955924,2.577737849157745,0.1135519361522476,23.562869772275796,0.5400905699758731,20.725109064827723,31.406749269038635,1.3034335196476792,0.120739556406302,18.27020447735349,Silty Clay
6.75578517709253,2.486509862607428,0.1550000173534092,17.219928539766013,0.4897179344216039,9.8379735504767,31.345646047103777,1.5629166364900944,0.4290600671122135,48.1366626376785,Silty Clay
6.453237626558278,1.4670972154409183,0.0968541162081244,3.64856049084833,0.5932262950634156,22.66828310195816,13.791905967612784,1.3418217966607946,0.3842005049901679,52.25453246511312,Silty Clay
6.609174175687217,1.6245811442166522,0.136616242810416,5.91032267795557,0.5970044187368203,19.102748345180306,36.51152790048685,1.2826120035591029,0.1461888593903658,57.05855856078509,Silty Clay
6.102649633844359,1.6630262171958037,0.1665387745691667,3.815534502994636,0.4792374105177974,19.878973634092794,30.02055076797299,1.3802062271015316,0.3408394609710531,18.814589121072768,Silty Clay
6.556357568119984,1.4741702619201886,0.1146041090645981,10.912247944785117,0.4787826135823957,17.49527696386799,39.076256380751246,1.6067906338163551,0.3053105060687133,37.28594585125321,Silty Clay
5.972419829881406,1.7975124920140633,0.1084624332775719,5.723589407501761,0.538933463144267,8.826816659220734,31.553586618325376,1.2168317752793971,0.2267966064820732,26.94089734989539,Silty Clay
6.567074250250952,1.3208589655562049,0.1230842612445924,1.5794586226240417,0.4603357772684792,9.987043034123852,36.8105836618861,1.2948690088360657,0.349545875466682,32.240869055903694,Silty Clay
6.351551801938059,1.1346923325312368,0.1653917562508213,8.268808648058414,0.6341983695452127,13.77855975042371,31.732362491601016,1.5497431683179623,0.1031213513058483,26.613498728432184,Silty Clay
6.465975365995435,2.011355611950134,0.1358232289286007,15.216253551895855,0.5130792799552555,16.454978783781897,38.769806049621984,1.5857702343537732,0.2432818974856843,41.54001894722413,Silty Clay
5.947321618312545,2.0147647921109053,0.114063571161772,9.3043589879582,0.2593011780678358,23.445380303320377,32.17800508814223,1.3896568775709714,0.3035092680034427,21.78156087801493,Silty Clay
6.031479047317019,1.297842120170004,0.1445162995356411,12.27656963037858,0.5125177943378194,43.55208332465378,27.21667802845677,1.2760947297473355,0.2935012243304212,69.29711519492601,Silty Clay
6.479168465476016,2.1476777153813,0.0969312355049073,9.897153812803822,0.4461456179156028,18.376519225380218,46.17947776357505,1.6095843501809155,0.3376368334597565,69.66530234010358,Silty Clay
6.015495598732739,1.3842111354173343,0.1504407853132884,13.734411994393142,0.3868724184539055,23.206944902113435,35.11229697823914,1.5594442391749197,0.3725494727578041,47.215802291450295,Silty Clay
6.438961887629737,1.8265826190189904,0.142258219231053,10.480196443759564,0.4262573361777428,26.282935561163374,32.589955368035305,1.4678946987762231,0.280053926039527,64.51164791890515,Silty Clay
5.889858658061926,2.110172006306228,0.1207657458658334,7.964066707459903,0.5609408471832971,24.156760398978545,17.789564667693313,1.318759765106258,0.3273531555554113,11.47191010330665,Silty Clay
6.5544522638,1.6831937176481435,0.104842426046583,9.228134786803754,0.6828640828248231,8.596816641487992,17.693539060291698,1.3950970659161963,0.282384316705878,71.7066479496776,Silty Clay
5.930243005569447,1.9273704560705671,0.1033995723314962,21.01183053881917,0.5813184473864981,33.29390392608435,30.341723857134827,1.3839639918955169,0.9698286291820484,44.44260714630396,Silty Clay
6.465689981303857,1.441785178056214,0.1460445200903773,12.717209433029184,0.489349661178426,30.422351969581158,29.164169582145927,1.4330851304615575,0.3294920427330495,22.72673324963402,Silty Clay
6.4876892800938,1.6017667082859517,0.1668694150746718,4.183304940383137,0.5955904195170703,17.352232275915984,23.08701947993347,1.5451001438131335,0.3155019609232543,21.125638197131323,Silty Clay
6.090968454471128,1.5970702845598297,0.1108807675891361,9.130910729451903,0.5040909689781009,8.95506153191921,29.12786159689648,1.4879417041137402,0.5594049187508546,86.3170416848416,Silty Clay
6.474607970125418,1.3267108267298804,0.1437516011065445,10.786898657168448,0.4805399630836856,16.29605466598661,40.70901542434876,1.2922623923015242,0.0769618662236431,57.61357744033571,Silty Clay
6.378132679000067,1.6116129184421089,0.0673891894419379,7.784289956693629,0.4345637331767016,5.058963903194956,33.56321979640239,1.5376496450019537,0.2234713635686033,31.675611600619224,Silty Clay
6.1383474431421785,0.9256908505681266,0.112461468080284,1.5878907916196965,0.3748171193248281,35.71341596340767,18.871931921978096,1.4313132140013154,0.3214891580669113,11.361415710496852,Silty Clay
5.997433594777138,1.4544231264289476,0.1290682320138729,4.523770328427072,0.5110076293440555,10.603927434849725,27.10792938285645,1.4687065795858916,0.5070376412113243,73.88723638561635,Silty Clay
5.711212292498226,1.5575622533151643,0.102709497490545,6.452394641642147,0.5658053489920132,13.340487672848644,21.560268153179518,1.54665408592786,0.4598262838988727,15.267241301633735,Silty Clay
6.404895014189908,1.57191012375231,0.1019048087563121,25.20922656245332,0.5403376329985111,34.31161068233246,24.89840066873151,1.2888419750486448,0.2376811713878492,27.275420674341436,Silty Clay
5.830559168591384,1.5792512770646103,0.1099666133059334,11.854901852789387,0.5084033072052642,32.05629692862493,24.69107467496286,1.3964174421293536,0.264379205523142,31.64649697578503,Silty Clay
6.328603259832392,1.6691179000699354,0.1387657818497912,2.37574300733372,0.4554253939303219,19.54571580595935,24.17883533916796,1.3468545448640783,0.5590645330254357,20.89408898270336,Silty Clay
6.220965535175325,1.939720759043032,0.1243801294478087,8.126959400752384,0.610824619168497,38.68692446797548,17.95891702421284,1.2432140574634545,0.2341359966400253,30.71121858344228,Silty Clay
6.503742832631459,2.1372585370662613,0.0628530630002508,19.05094252994945,0.4182868080053415,8.408902590248974,26.97876254785448,1.434670997760492,0.2862252281088875,34.8388271357611,Silty Clay
6.20938635015304,1.3751173865758664,0.066378995420948,5.66463916209789,0.6276027913843476,19.55164388385821,23.51513890522152,1.6511556551584423,0.5715774386608573,30.288555996365023,Silty Clay
6.201165664095872,1.0983995723054276,0.1117940446642847,16.33080205881947,0.4497782981073275,8.457370944188568,4.564410479981856,1.2159922255494249,1.106114779959411,42.843574605390536,Silty Clay
6.519561211286488,1.1789777938784485,0.1437305975816065,2.4458861011622184,0.4747564762646965,29.39095061475245,44.42377619601331,1.3967719388950528,0.3048586963050405,88.20592057405686,Silty Clay
6.400517408725235,1.4563985394025365,0.0475748547182429,0.3997968404284096,0.4033214809384323,28.81499225173141,36.710157233733376,1.4640542935074772,0.368161101763296,11.8323808811756,Silty Clay
6.394846787154833,1.5240393410917454,0.115008094715451,17.828485775563514,0.4998597853114364,40.20301245947039,24.98959420060003,1.412307820165618,0.4503434988335696,38.74064008948955,Silty Clay
6.440780276942558,1.3150019669012714,0.1142125643044773,6.215671067236051,0.647531245847798,15.996926845396278,28.150552397924788,1.3886871947484258,0.5678818373666633,15.396605270556275,Silty Clay
5.839328363037868,1.0519416678750528,0.1716501333462534,6.574480210934261,0.6015628088443957,46.37749645681039,18.626765221459507,1.2700783636554176,0.5157471157051325,10.894240400707115,Silty Clay
6.527036603996095,1.471939586262906,0.118449345648614,9.836895483973873,0.6478422112028035,7.974704105445325,41.565783022486926,1.4232786742940162,0.1548222419767718,61.5920874646547,Silty Clay
6.483740638204081,1.7907133100569856,0.1414896695422278,11.589781918620638,0.6022142545933936,15.477632651526273,43.17830955818489,1.3243236022984073,0.3200988983594842,40.868413091192046,Silty Clay
5.99499506142705,1.9975147329177825,0.1342377142026239,0.7208073639565391,0.4396330171469631,8.176285145665043,29.2535498259722,1.1810078295021444,0.5181999360272694,10.317756636926736,Silty Clay
6.22677585789774,1.4212884734458393,0.0660830056057839,5.340020452038175,0.5169210775672443,17.999649790059,36.188245153482754,1.519459222051373,0.6499931418113416,30.692525512139536,Silty Clay
6.28820781371171,1.493501088928283,0.1530462164989521,9.018615865341928,0.4719800870882538,8.676099203525123,29.40229423147139,1.4958385819842042,0.2237898411366115,18.306915151582498,Silty Clay
6.25965096467948,1.2366508455763443,0.1364618951636886,11.573022297866633,0.6830574904039041,29.43588354628027,17.306196488992555,1.405166097685108,0.314425475700426,31.415144150625128,Silty Clay
6.40015798997056,1.6842804148126118,0.1452480591902377,4.144247684199174,0.4303211353573689,21.12184256086268,24.70541304829074,1.42290746882057,0.3414400052482534,53.39658793510091,Silty Clay
6.729410034549355,1.2757856829045926,0.2477871311930898,7.506202326251763,0.6393697689389112,7.50738568052824,29.05542373417565,1.507431801271556,0.2577169556730073,50.117242060111,Silty Clay
6.624530018301848,1.9865639066206,0.0674766118150423,5.651647659139694,0.639295387010877,25.65163309289312,24.363618250052447,1.4224339656778082,0.3084610088165273,26.744397585373672,Silty Clay
5.906334241970578,0.8070667540329444,0.1817408994928332,10.054982265596566,0.7329620201716087,37.17919588607873,26.25077378051971,1.4904017554761313,1.5506897315881862,63.33207971181779,Silty Clay
6.486620997091815,1.5201851637737689,0.1213765744179893,17.439103592038542,0.5090313407370504,22.30958724974524,27.268803539927085,1.3702517799126148,0.2164830191229657,77.62068262002556,Silty Clay
6.698679995860623,1.850553669595871,0.1386198671320903,6.833782171658585,0.6212322159580163,6.001935349594032,27.35297201707631,1.5311983738573949,0.2299681315542167,53.9355985872685,Silty Clay
6.416042556206761,1.791917258161252,0.1286346326409627,2.8393740180928613,0.7781651836538843,14.58433864871001,28.418067923979866,1.4320785725932683,0.0480406699326775,23.741506967207275,Silty Clay
6.62729412755579,3.0465168319902483,0.1172729099980587,5.124728929659115,0.4882358323066303,23.963130107735964,19.515159468827196,1.4194051943605872,0.0390953990223275,32.10372254573994,Silty Clay
6.903681133710229,1.8749000122839536,0.1129050121528372,23.42063124285695,0.396495975246764,13.73806224532242,22.26387080697651,1.2729938911287968,0.3590912121801084,86.56814612908911,Silty Clay
6.607112863832095,1.197972701578995,0.1398852620671902,4.53757483510338,0.3619989966092236,7.9034098029986275,17.723325874400246,1.4286955854301708,0.5196492681631982,28.127773045736937,Silty Clay
6.374792578692518,1.6522678764554637,0.0844847890998496,3.3406325213810004,0.6212712028861331,31.330530241328148,35.8225243974896,1.3168045082505548,0.4556813845426457,50.21432120001416,Silty Clay
6.613526542225426,0.8118768332667741,0.1525173750256529,6.539477707332615,0.3616849791941416,13.372230293070537,11.154824465277404,1.3361717273471505,0.1214713621224649,20.687169403819237,Silty Clay
6.343466349929067,1.6597001253516197,0.1175141678534423,8.128365899498663,0.5127680947062078,37.191970546587655,37.22872274653541,1.3184624371683875,0.4372015870326812,63.59920012392436,Silty Clay
6.307170912985487,1.2834719714996206,0.0960979198287892,5.908706131232281,0.5937313187038962,11.431453073412968,39.090795178102745,1.293376506810077,0.2271008100267093,18.99019860983822,Silty Clay
6.19457572928588,2.157695137780081,0.1164996142601255,2.458258460580748,0.5685175536829914,12.8868434091424,25.582555304139028,1.6124771403016962,0.184884528444232,33.034586512529444,Silty Clay
6.769024007649632,1.4252298627022326,0.1677144765058771,10.70139998556328,0.5925444864184173,10.85859047152512,7.174903297381611,1.5331339061988405,0.0692714636997844,49.1268101419389,Silty Clay
6.054471400217399,1.6416170421023766,0.1139399473895133,10.061794912687898,0.5722289855800855,14.43139942002334,25.10951550426168,1.592036750214426,0.1355702391473509,97.05278643394406,Silty Clay
6.759710317403434,1.3822210792977982,0.1407536085462886,13.41858391557461,0.6778865813313394,20.922036566606085,27.486526709689446,1.2777104980444436,0.3651416159629817,40.39337015854756,Silty Clay
6.449959237122111,2.5694256759266656,0.1080713117285358,9.913362583276855,0.4547683619261203,8.192468256650777,19.91521424056869,1.4071253749910893,0.3176098775538639,29.320073946110213,Silty Clay
5.880208147559418,1.5393786169410442,0.1527376554977086,22.262756568869605,0.4823004861541469,7.151278413966674,23.878252849534057,1.2706492374795904,0.2839772729374722,27.84434384671723,Silty Clay
6.410294787897426,2.6162785217396007,0.1505652321637061,14.078691098135282,0.4727340554729176,4.507977323300497,40.24156159090681,1.3304305122802935,0.0209902639315704,61.936355561599015,Silty Clay
5.669992047704513,2.107075881059133,0.1854582649988923,12.347707303162895,0.6330191811862611,4.074031980935003,33.319417298413924,1.3081873016583423,0.286179018448287,46.70226385543629,Silty Clay
6.48765240504931,1.941033363667693,0.1247330816350235,17.831056381055102,0.6400398588395064,6.054972718645702,20.6034870849752,1.523958400644156,0.1528355201926018,52.75162081628845,Silty Clay
6.565569444896697,1.88436657365876,0.1500596441427372,9.519629371387095,0.5951225319318508,11.380760627628884,15.219206643236545,1.360377032189824,0.3193002130905333,82.98358128109882,Silty Clay
6.122293213304384,1.8968986491081257,0.1329420261861683,7.61784199250769,0.6683493666889928,17.805542694098428,25.38386145912183,1.5068379333694015,0.5795550495536662,36.39487362310292,Silty Clay
6.337064308786674,0.736163710327195,0.1688761534558904,10.623022092228618,0.4321959132623619,20.253411654322584,26.29234576519649,1.4604120889588517,0.1728594250884871,44.67257205013024,Silty Clay
6.886247230125086,1.5605583029246215,0.1084350283717381,1.507071662304406,0.7167224111551138,17.318833866516787,31.96959349890653,1.6303638752104788,0.2705704425492024,27.58835971013638,Silty Clay
6.1482759887214185,2.1225789855921606,0.1523501593863184,9.539877496987954,0.7023238621712259,34.84217206674788,23.717466299458728,1.2520555776860276,0.8905954003612039,20.11483176612262,Silty Clay
5.98232772388302,1.6755514082629472,0.1241590811164995,8.122320587714972,0.6235621997245747,41.04194994760228,32.091996602894895,1.5259233239786798,0.3076484389325143,23.02611626367933,Silty Clay
6.74449902073878,0.9974050765982124,0.128074354686745,11.3794626273216,0.728179890877106,13.412036178467083,43.48123232048184,1.5146440870400726,0.2457104642911503,3.8319692346628806,Silty Clay
6.888776157159239,1.6737977747112651,0.1327525745334511,16.360873970831435,0.3843376792322226,8.288051864882755,34.5240081795541,1.3026621161972964,0.123297476824303,48.82039652731301,Silty Clay
6.301108701554354,2.5520527581277457,0.1375672118928003,12.576514047746375,0.4975551863737348,47.96911976729204,27.61529194135382,1.500713333647316,0.4457182570281431,45.75624882151822,Silty Clay
6.603438910622507,2.32344585776736,0.1265131287063412,5.1353070203182885,0.4764696539318048,30.72939658495695,26.534796231573644,1.4336144963026227,0.1046950638980108,48.18428020127662,Silty Clay
6.702442774659264,1.668997995316984,0.1364413954951158,14.743038968847388,0.6221479323757344,29.46565499600945,25.14661492656103,1.3772523740046592,0.5969109968006358,19.153140983550987,Silty Clay
6.077254730238485,2.175724638529043,0.1773435417268655,22.4579551343918,0.4449859260397855,11.086131923522805,37.44512729961716,1.3176064513028,0.4020744410383391,23.310238494295035,Silty Clay
6.15440824938964,1.516746489815974,0.1595634905684565,16.622034827957236,0.6257495149337486,26.01416022875253,22.981492432389576,1.3280890548550812,0.157485981562818,22.77724785657425,Silty Clay
6.66926235394642,0.8480642065866405,0.1560746377749069,3.0648356570439685,0.6870536143996714,17.40154961253548,28.36178167199986,1.6049812095785925,0.1270842245911222,67.33311110569946,Silty Clay
6.805504283612553,1.2377670059352228,0.1163338142192838,12.492525025130266,0.6195202900084,15.286105803263066,28.409583215048684,1.4000682818957482,0.1298547262260187,39.44744206376208,Silty Clay
6.468864258052307,2.481444384254099,0.1033227751531502,3.4680990712818653,0.5783751023661502,15.270023128633092,23.985726457507745,1.4782130001531455,0.0399621127022947,36.14199596706233,Silty Clay
6.036055693949384,1.563003459085348,0.1586590167471326,7.104195621049424,0.4512126659099251,21.482570806238904,17.020275616927194,1.3209100618332446,0.3528825962228367,55.737192254480014,Silty Clay
6.896118333509833,1.578308010312491,0.1562814037758938,11.164574173379329,0.4653149033874635,35.474536321269106,30.583796028941347,1.322014705377836,0.0249881412475778,22.83164311666181,Silty Clay
6.14070873065641,1.5500809018625596,0.1741801202725294,10.233222400352462,0.6749618905296667,50.16936240540842,27.51196822515693,1.5081984809249942,0.2337003314522255,43.99670205933879,Silty Clay
6.199458665648565,2.6520682947865035,0.1118805812209231,16.423750674770172,0.6279349003905332,12.355805486680016,32.001923755492555,1.2650423788448466,0.2220057631056029,104.45917093269308,Silty Clay
6.402701350346886,2.512979457681032,0.1231135403391895,22.523847747149183,0.5460980480622456,17.992764733505552,23.731197548486666,1.3584786232094728,0.1919220213382912,73.68310927151481,Silty Clay
6.766248126214432,2.809390116724067,0.0808154751242369,11.89246115289969,0.5082090454234109,15.050928098829914,37.766570390504384,1.4034027411072232,0.3511377244705503,43.58290223761811,Silty Clay
6.556192792965667,1.6204773947999742,0.1182258668181738,6.724941051641318,0.3474192126888623,20.663094941428295,20.985809750305243,1.411137260184005,0.1578233267346736,37.02431331349798,Silty Clay
6.424459650108573,1.8478122443735476,0.1598971153173834,1.584951429558528,0.4429147581315562,13.917691785176116,41.69632227214314,1.3820906714983845,0.2867273792977157,47.9280237303989,Silty Clay
6.438986559035432,0.9416787252896044,0.116005138623154,18.97644114246949,0.7411419087139723,45.60135634730841,14.018907921373907,1.4395819781095922,0.5968314715830834,79.73801344624034,Silty Clay
6.31305440059304,2.438467213059137,0.1492143938560247,8.15181565717562,0.4219544428997533,10.256256478299456,31.47816051645513,1.469285575581781,0.3815567279515844,76.42316899051642,Silty Clay
6.467441854355552,1.1161102243660324,0.1242849068200656,8.447333432182639,0.5689479821221081,12.366706734134867,31.803445460212988,1.4734637545459328,0.1783388073500429,87.65533183988015,Silty Clay
5.541131976691709,1.8083877818813143,0.1397217108466468,8.912269581695476,0.6507443973195199,11.1925916677971,21.63554345647294,1.3014196191332172,0.2515290981757039,40.86529546166695,Silty Clay
6.21101776227906,1.151348736183578,0.0955692583055299,11.545410629130696,0.4245077331997707,14.602251389432872,31.3951515028881,1.37158449020712,0.1920982592128949,5.686010933165196,Silty Clay
5.377033738447485,5.569777768012735,0.2875012408315361,23.87271629412748,0.6283816859853562,20.86396768420945,67.83471286646878,1.0166370545669252,0.6812884276333172,68.10275319074599,Peat Soil
4.567615508994425,4.806319017723594,0.2981063096066625,15.131632254764614,0.5707186185050095,40.49713902771347,52.719245943663886,0.9530975661964092,0.4396433905746301,78.0469580928671,Peat Soil
4.2932450886098215,4.450689787411094,0.3118739654612924,3.6128883399076335,0.5979185435589733,20.155398180061503,56.10916146968068,0.682178868026857,0.1403607062208191,80.21680799534462,Peat Soil
4.658620877789244,5.710252143635532,0.3079065243586435,9.3620814205078,0.5637719497181917,14.152231735262513,46.31098960654872,0.8470533036492992,0.2850923645486135,81.15167990340835,Peat Soil
4.207353668634859,4.943259677058929,0.3385228738184435,20.648773938313607,0.5449900229409392,16.898387835931892,48.05391230721334,0.8438157900648301,0.3703881795633163,90.5213276910386,Peat Soil
5.025329836352193,5.110779236812105,0.2272082378839437,3.4777773404786494,0.5898617839598647,12.863054515936144,55.78250634474646,0.9479360953429422,0.4193227358672658,45.68953027400155,Peat Soil
4.180475086123104,5.617375957022397,0.2283921038941298,5.441046107699545,0.3631636907945977,17.670021711974524,63.83146837361526,0.6375182943625888,0.1679828562700195,46.5167766344735,Peat Soil
4.808537274354947,4.484022378952782,0.2851236548396955,6.28222366733233,0.5199485299442913,9.679062761314563,52.94975340598742,1.1549009708717723,0.4455341757494832,102.9224120378056,Peat Soil
4.17665645404314,5.2977454488196285,0.3329190056263112,5.485087848048654,0.4919051793756157,14.414947844629346,53.112667765503005,0.953102609489421,0.1497153844108227,53.08912699379045,Peat Soil
4.703910658639007,4.705052621768554,0.2530305590518321,15.952763342407092,0.5078902831144564,30.563081611727625,51.744918043965,0.9148876803917692,0.069402473142973,61.195900257460906,Peat Soil
5.29301344674136,4.933915322177814,0.2097710298091872,7.057915276641147,0.453862778525321,22.38350393188666,50.721946633245416,1.0181567716419146,0.1065715951274911,58.620425226881096,Peat Soil
4.908194367430738,5.036139482692144,0.3171353821865762,16.197701851333676,0.5520487844774232,11.037428782284794,57.35977164567057,1.1343654052812626,0.1618885958628028,165.10534883753712,Peat Soil
4.54095191851052,4.249889069276532,0.3073097167110814,10.95904864125064,0.4182071990312392,18.007772920770453,43.02193883857085,0.9870746644588404,0.1532111424758628,41.85554018017124,Peat Soil
4.7906389533182745,4.610581478589783,0.2672937477960171,2.844436128078581,0.4466145070607966,36.12365938365019,65.24751661333381,0.994881309647162,0.5719010605481661,41.459512145832015,Peat Soil
4.8054050616133335,5.67553644620657,0.2704338119783721,8.210231756729423,0.43461200863479,15.37546017812261,49.67662161496432,0.9130690024464384,0.0712457657565269,64.66126388567706,Peat Soil
4.941789103753021,5.443095594292398,0.2709076884109597,18.678860756368277,0.5863946637269869,10.349777911302152,60.77522788350513,0.8858474246633052,0.0125950065151048,59.41793066808353,Peat Soil
4.389942491015752,4.968680211336382,0.3033160595242182,11.707973991610007,0.4988276496790806,26.59434885263556,44.84001122084899,0.8524204555995099,0.5463691664363028,35.71143681346025,Peat Soil
4.977770182154199,5.121561729256446,0.2812105417145097,8.615879519073113,0.4539167660203237,4.39663450393103,60.35072104436975,0.8173888008285458,0.2207396495816852,62.17072310909808,Peat Soil
3.9886825105191672,4.852878747181771,0.3148219175692656,20.78782666592916,0.4626570304983819,17.111114405619578,60.37555686251598,0.8312985900300502,0.0559906576716852,65.5016744259801,Peat Soil
4.611034634290856,5.678291692913991,0.2143612001128682,5.066246239459356,0.5003880616680407,37.74203391430859,58.07361657604717,0.7649444035657017,0.3963507570626084,50.50987585402703,Peat Soil
4.653517847264537,4.899823711102918,0.274294444046166,7.230369557846839,0.6622174918869854,17.726322976544207,47.04457182560167,0.8924128549314977,0.3146529523698019,60.40958998022072,Peat Soil
4.989998047821372,5.115921046067424,0.2662183811726685,17.696457672133704,0.3763479663653328,32.12756326635651,56.99638551678461,0.7315332422773613,0.6381796625957085,43.89258290291605,Peat Soil
4.806789255803061,5.5730150720710325,0.2923097796488252,15.765010548879456,0.5675509997679785,10.2631779557008,45.535550522124886,0.9190916524143712,0.2352478156227094,35.75578026246061,Peat Soil
4.378331083843114,4.611314257577047,0.2838585672452958,4.766144898899499,0.5471862338031008,17.3478339565441,52.977893959230514,0.8963669391957658,0.9662918806334584,52.89383308055498,Peat Soil
4.504502062254895,5.779394592248447,0.323935313396873,14.064496271652825,0.4117034601553224,16.45218217610817,63.235304807642606,0.9146935298386688,0.180767365418521,38.61452416482214,Peat Soil
4.859604002864222,4.234769295128311,0.2442198968501982,6.981083170978321,0.6466873290154687,25.85250942779206,61.37361541656594,0.8477868429980008,0.3151052088225858,32.24009742687385,Peat Soil
4.776279797440633,5.8148210655564,0.3013647442899225,2.068406480117549,0.5539280450880676,20.752375814170342,55.12146354032347,1.2076860370180504,0.3502574614585325,22.609833474709784,Peat Soil
4.626262767109276,4.813662208024013,0.3167500926963511,8.725124169688279,0.4492266696770243,40.31904401853613,47.20154739261727,1.0360115900180311,0.1352151688754904,72.06948423102132,Peat Soil
4.655749863146406,4.878650626087359,0.3556994230968586,29.12555031107016,0.314058667405374,14.895903824291729,60.16470169739355,0.7755457499915277,0.1312971102861859,52.03592861628118,Peat Soil
5.008850399147787,4.054994914408528,0.2855470208671957,18.861512027884142,0.5229146834499112,20.6182215795026,55.1550499015842,0.92328680874269,0.3556751473982997,103.20050371075436,Peat Soil
4.644692228139236,4.7726026413111535,0.3097337581305755,10.360224867655589,0.4955254415244017,16.79610945809119,36.43747521415661,0.8391993857062676,0.0505257569821103,21.070405952345546,Peat Soil
4.773572626791278,4.480096734486558,0.245884116223129,3.310326148807118,0.3969287068733881,19.818594065541827,61.26103861053215,0.7985520273292586,0.0978775769721216,54.14704888411626,Peat Soil
5.450980976424162,4.696176827313264,0.2282413138706092,2.1284635595724497,0.3956385589864363,18.86306458558485,54.806137329042464,0.7659927928876065,0.1764742400893049,71.90735696663438,Peat Soil
4.372895208934823,4.93134451710556,0.325343231273451,10.97990992707254,0.5868509867119505,11.769463927859796,64.61960998386458,0.9432216690759254,0.6242140321050974,47.10959489549231,Peat Soil
4.244447180527603,5.478895807236452,0.2998331911905578,13.53081635934868,0.3044305092679005,29.70189940078605,46.23783584925757,0.8318619764930426,0.3558579086564103,63.71914290106289,Peat Soil
5.035076899439582,5.103801675700313,0.3353553806939526,16.05930899701986,0.5314282755073036,13.545443427175284,29.586369494431995,0.9967826024025204,0.213564690928178,22.709522590377773,Peat Soil
4.596407081611769,5.153838326700557,0.2587979133309075,15.015125042403408,0.4812563024689138,12.997285109217252,57.23267086676148,0.999378221453044,0.1238101874532447,52.51296991489495,Peat Soil
4.704528741677214,4.452240305577218,0.3155970641858626,15.75533403213024,0.5497154828353439,7.400893303419303,57.33250941345578,1.037391438521145,0.8032169971966424,41.99050868810143,Peat Soil
4.5656530865606655,4.559622955198635,0.3560645352163156,12.577345816643032,0.4705694990139799,14.65481735853576,41.47462697914838,0.8147613233925897,0.1901368146199618,98.40013471837668,Peat Soil
4.722059957769746,5.899362509175656,0.312591168250718,20.536081683583305,0.5293274965260315,13.443967859298684,47.17200363306715,0.947536561069201,0.0977825781283351,69.77934147578982,Peat Soil
5.279561433628902,4.632399482618377,0.3082974451677314,7.588468500685829,0.4257225155471291,2.0491722731361306,77.04174194975921,0.96324542166423,0.9104654239800076,92.15914312540194,Peat Soil
5.040638537585435,5.828104126028648,0.3002566824247304,10.879751765063066,0.4950795083826631,5.041198222420914,52.555115086769575,0.8525821824896035,0.0533252531867687,108.35853501836836,Peat Soil
5.058667053566093,4.878469400559567,0.2528735562862226,2.8538795852168413,0.5489083878150742,17.62850121332083,60.84767181100973,0.8228228042607125,0.5163403251916979,50.44665093903615,Peat Soil
4.375131883262206,5.001143968071752,0.3406671880713104,7.482715126687864,0.515087187127547,39.40097219510445,49.79472138105293,1.060952066577597,0.2025235726370007,68.40413498490616,Peat Soil
4.454653879034139,5.535182580114965,0.281674270805848,18.570156151465856,0.5380306842401544,8.293954676350042,38.27757680917475,0.9227495875732054,0.3552104844523776,36.80459384018379,Peat Soil
3.948276402154372,5.635946210969328,0.3151344976914905,15.46725145634102,0.4072078700548353,19.623899348782288,53.63793402563276,0.9635967750711738,0.3085063114176025,76.91518957820992,Peat Soil
4.557185753675173,4.944593719860456,0.2531089708028624,1.4645109656796989,0.4409325438115148,17.398299059925048,52.87516351771116,0.8177923988172073,0.3513466428835191,82.05214004116684,Peat Soil
5.087010955915697,4.805878473239231,0.2646162100647666,30.33801892488424,0.4426660160784055,27.679444388402644,51.80097409065303,0.7780715533477807,0.9674072004391594,74.5152472754236,Peat Soil
4.955083954724511,4.972039775738893,0.3430526219766671,11.726292788910692,0.4723510244413247,28.737823795627577,54.08287331594886,0.843055022550789,0.8673975138921084,50.41916594854399,Peat Soil
4.733546021114362,5.168978764116059,0.2895809313312647,11.859420436619818,0.6358582869617828,54.11149481210508,57.11414617316509,0.8875978612610003,0.1030782366031805,138.17397650382037,Peat Soil
4.793309914884584,5.445651843434877,0.3435982642812763,7.170367201534082,0.4645821244464299,22.818639062727723,53.79906438996954,0.7935779993182651,0.2994989125583944,65.42089271157748,Peat Soil
4.593334337227378,5.002114929497076,0.2976530802282444,8.237398459321621,0.38564405402345,12.435916111583676,44.88795065642109,0.8990155191349617,0.0267623875145927,206.5083306222743,Peat Soil
4.861427664720536,5.309443149011577,0.2447430668112642,11.647905593562154,0.5541645687850593,14.422154330929246,58.88947833249552,0.73114948119315,0.3804398185363605,36.91550831853577,Peat Soil
5.029763483844184,5.81917986613547,0.3267620279919516,14.964784381662932,0.6346643431434482,15.268528616134176,39.40502595742061,0.7879952577530128,0.4487891208991499,85.6006294100872,Peat Soil
4.315233963776858,5.190654806132392,0.2823032304673317,12.92860552464105,0.373878814814769,13.762207681360676,38.5971403417264,0.9670911248276876,0.0129104641007763,99.73418392866422,Peat Soil
4.889894306351204,5.155826428002389,0.3209606644055113,7.55159772204673,0.6972810754718091,44.351978322350334,60.91344395761254,0.9603790520277894,0.1962076748880998,37.2871527751634,Peat Soil
5.0797304612864,4.240544587454966,0.3007563260262024,5.798833408309033,0.5415176602323072,28.03044583985833,59.05616217708285,0.8608123234613134,0.3547186833732468,57.30246774371688,Peat Soil
4.675469913310989,3.684634931585468,0.2537064531617138,5.526790886937903,0.6033890789068391,6.9237096344887625,54.54083707940771,0.7982235690923047,0.2671978524759026,30.39395765022344,Peat Soil
5.010210183636175,5.194187864615084,0.304928842961117,19.39122594771202,0.6467071635043316,25.73577325789757,43.83641196195943,0.797259644847399,0.0546222130643058,110.24553657171263,Peat Soil
5.644396333341765,4.952587884359564,0.365886694264584,18.086093728946008,0.5972617642707743,10.525411050033252,49.3367124746074,0.8626731754058686,0.061849568567425,61.86694743345956,Peat Soil
4.7686971621039325,4.742608662542629,0.3147895937554337,14.176851210891089,0.4889464402992318,28.589230545518618,52.89802601850797,0.9644518491645292,0.1769554719377037,42.08395398680611,Peat Soil
4.917992115001597,5.121765102093172,0.2982744674098361,19.31226866769974,0.6217698144191415,34.72412291836324,42.23284825140709,0.9928245691344324,0.1351977768177351,100.32207000196854,Peat Soil
4.578582874901582,4.969798135401546,0.3322603020587069,9.86974430710029,0.5254599769870919,17.571719180150122,49.08777073581414,0.8503468264518032,0.1473721749569846,64.58544733153872,Peat Soil
4.854375348780615,5.5638901253169495,0.3063200539560933,17.209860164445914,0.609048472490764,14.326847783892791,60.21864270541344,0.7846507574015216,0.0460395166520952,94.08859694942564,Peat Soil
4.938081487494691,5.043055434129489,0.3062860269078838,14.604333330674423,0.6199875483780684,40.8297148475113,66.41844291431373,0.9267843637866332,0.2054873573370852,79.15468336429372,Peat Soil
4.858452702081041,4.626538357464916,0.2672512448352269,17.47436341361913,0.3909103410027231,13.27434252798195,51.6445219787316,0.817646502937415,0.6276443701147859,39.266716266018655,Peat Soil
4.494091404087343,5.495083119479644,0.3070154407736879,5.139115160783436,0.5794301131977007,12.485005701008571,61.05190683452879,0.8481747361138798,0.0574140654741244,49.59165853772533,Peat Soil
4.861908531397635,4.891434462526899,0.3310633024925083,1.2555791574017203,0.4818108081486628,11.293439837465533,39.68751943530026,1.032527609043704,0.1643138685384209,42.66499278548908,Peat Soil
5.238658781615291,5.263268341836153,0.2749181354369993,12.47168476812378,0.5138190636784015,19.107516980406235,60.27560992890889,0.9827115428565768,0.3252386271790691,35.635004916095426,Peat Soil
4.934590729354358,4.7612946469036,0.3427348746374084,8.535136794812603,0.5127092748842798,22.78287210365561,48.56841268218015,0.9157974312251452,0.2072367683986194,26.283081321995382,Peat Soil
5.088596156721552,4.675086557251282,0.2972488192756462,1.7475246908605728,0.5086970217575358,32.3357923448494,57.45876493366376,0.7728080998887277,0.4387938913543574,150.81792484071786,Peat Soil
4.728896408996212,5.042084115092848,0.2733669146538438,21.14781197988668,0.6523525312229039,26.34492481933934,53.01798065408233,0.921139656747066,0.0725469372386176,73.88281807518007,Peat Soil
5.024970071827113,5.006414321771842,0.3299289623076073,18.11472632491849,0.3633552373105936,26.1251770840646,65.56331207827067,1.006265729078753,0.2244786824070183,78.9261455255966,Peat Soil
4.883780351464957,5.239913517683417,0.2913961729278519,13.122856443114893,0.3277656643130214,37.43001532025988,48.00451481328066,0.8624366334234465,0.4155677532042158,105.41213514556088,Peat Soil
4.51472678109383,4.865677123345129,0.3227854466245832,6.047470054437121,0.3066709928334427,10.976133989283094,60.02085038049465,1.0351114089986715,0.9332932344615332,49.3487666615194,Peat Soil
4.895556301439663,4.081820108114801,0.2912472410322438,2.7495740759235034,0.6069144263935914,7.978408100531796,52.76394029362773,1.0292745289518208,0.2149991028457493,31.57413994732682,Peat Soil
4.502491000967907,4.783613058205805,0.2982052156941028,1.7239278307342751,0.422656250813234,27.01482370433965,53.733556175922686,1.066373283214347,0.1001154494082611,90.33436489275928,Peat Soil
4.610135917534563,5.396909233571908,0.3148068061300287,7.446427241977428,0.5132186469514887,18.623453663437623,53.52916885472632,0.9305243126531352,0.1009708269109685,34.27444175554184,Peat Soil
4.856798492187712,4.851311960378447,0.3087269117277001,15.888234781843336,0.4885282875875421,32.39563129437892,48.2346151640471,0.9587391699806012,0.0428072612381293,89.35732056185601,Peat Soil
4.889173282014037,4.876808298742726,0.2401340465864478,8.59297726705194,0.411362485936002,19.578587795023488,54.88720827274663,1.041418728833109,0.6641665404320717,29.04707755140786,Peat Soil
4.443230260476861,5.493188252952969,0.2663626877971682,14.278461315440618,0.5851477237555699,14.048628803566022,54.49881422302543,0.9447393937068976,0.3969178048089066,33.00557466478572,Peat Soil
5.116195731354862,4.644013386370538,0.3278822995437244,14.692924558719271,0.4872537031782615,27.218349576435187,56.92992198725384,0.8498765892209788,0.0618320689402426,46.96685356927741,Peat Soil
4.971601883490142,4.22859839087855,0.2960359023329535,15.75541746230509,0.4762264922961615,20.90363822201643,55.6760411655429,0.8551457163472139,0.09440950729242,87.82712610634938,Peat Soil
4.588581469316734,4.919684440237253,0.2842880609168573,2.3581247361722246,0.5232871307740251,19.58776723609973,61.38395639689789,0.923855495377374,0.2120236722247101,129.78109833405725,Peat Soil
4.338724561065248,4.757913024375632,0.2592427795422757,6.426359187964184,0.5720772084838217,59.23021121498304,62.38806892837895,0.7709438578053781,0.4363448557209822,78.86793031603315,Peat Soil
4.75652862627557,4.516876840123373,0.2676079103617245,14.125110786176345,0.4041023756465552,35.97996469241521,46.59501342537759,0.8856741084635807,0.3000863004181596,47.87592781797169,Peat Soil
4.666216885841652,4.912310772050654,0.2393460408011415,23.734170344197697,0.5872918347333287,29.00909686605908,61.95018000472617,1.0096547118230257,0.2776407858305855,97.77350858306808,Peat Soil
4.833942137115907,5.245752823623392,0.296961578438954,20.076479077924244,0.644985351977335,21.249866604810823,45.50930858312117,0.6808746148834719,0.2369999546569014,28.581093107944447,Peat Soil
4.69106500165333,4.995355719216092,0.2820468725825686,12.723542886242086,0.3573877631238824,20.28843425252249,59.70284710510188,1.0534482101794516,0.0657168788235278,40.33779494535632,Peat Soil
4.197762941776497,5.153490536343119,0.2710023632704405,21.27432285769968,0.5278298979127831,16.85551715887218,59.95791027762295,1.012237421870316,0.2143751920507486,67.51647703858222,Peat Soil
4.683495918509652,5.906703849257712,0.2979562972449614,12.665965525470984,0.4695077787642672,22.396858949355924,39.70946486669997,0.8540235384169523,0.1931693626458095,91.68996849224747,Peat Soil
4.708314266679506,4.828560569221218,0.3109191189255821,3.4029915140974936,0.569923058072014,15.112043814063991,55.74383397223528,0.9543390827871808,0.0420506327491737,58.69961978466117,Peat Soil
4.990098307432217,5.139174317322335,0.3627959379662983,15.601914164728424,0.3783340787473149,9.59825084092552,51.25203109311747,0.9003147726906326,0.6523863978127709,55.717580979442175,Peat Soil
4.590540097616685,4.745393318700433,0.2546434974131036,20.466572377407736,0.6628938225643576,19.458551242421905,48.929877936517,1.0229990368438684,0.1142911746853055,57.29228044061302,Peat Soil
5.303602402011769,4.576820140056514,0.3347814312990156,27.88065942908757,0.339210519357093,23.359467149819054,65.80681864559205,0.998268314276994,0.1335680478209742,104.98195017543937,Peat Soil
4.2265078348044725,4.707546173291116,0.3291930468304521,7.308872026072711,0.4755719060223466,32.434482228923265,49.77056687490065,0.7599929276816991,0.1586149767215527,44.06465146011562,Peat Soil
5.193350249340787,4.760620714239156,0.276627217818699,4.755754779420158,0.543429607599536,12.52710009313948,48.5489845670556,0.9587262413464176,0.1881799485178323,38.97827671458802,Peat Soil
4.732704308736569,5.1797378987735625,0.3060970786375809,17.23860492879638,0.4313663153065175,20.374857917406228,55.60555952004075,0.8794372146356753,0.1562364096247227,56.859641115423386,Peat Soil
5.057875461703067,6.1745378933503785,0.2862710025198715,13.634166196537876,0.4156598451542962,26.23940665036794,60.48471797038733,0.90828325705181,0.1975384705318631,111.6345597326708,Peat Soil
4.82394044521762,4.64197828186208,0.3055706574125622,12.920032978176264,0.5222235636630524,25.93775189255326,53.86681131191899,0.8271828099030185,0.2270462115166362,46.57550807090461,Peat Soil
